Year,Index
2013,1674.6886136997844
2014,1890.0500194668136
2015,2015.589094061778
2016,2019.9041224868631
2017,2314.195533713055
2018,2533.226388337208
2019,2639.4946304922255
2020,2880.0918928194365
2021,3645.8440582827916
2022,3252.520648087489
2023,3094.257796962203
